Subroutine,Loop Count,Param1,Param2,Param3,Param4,Param5,Param6
Right-click,40,Ru,"0.886465557
","0.017054323
",2.42,12.45,0
Right-click,40,Si,0.999002,0.001827,4.53,2.33,0
Orphan,,Si,0.999002,0.001827,1000000,2.33,0.1
